company,login
Google,bgrant0607
Microsoft,brendandburns
Red Hat,philips
Google,sarahnovotny
Heptio,jbeda
Red Hat,smarterclayton
Google,thockin
Samsung,spiffxp
Red Hat,derekwaynecarr
Microsoft,michelleN
Google,pwittrock
Huawei,quinton-hoole
Heptio,timothysc
Robust Perception,brian-brazil
Red Hat,fabxc
Prometheus Consulting,juliusv
Zipkin,basvanbeek
LightStep,bhs
TraceView,cce
Red Hat,pavolloffay
Uber,yurishkuro
Instana,CodingFabian
New Relic,erabug
DataDog,palazzem
SkyWalking,wu-sheng
Treasure Data,frsyuki
Treasure Data,repeatedly
Treasure Data,kiyoto
Treasure Data,kzk
Treasure Data,tagomoris
Treasure Data,edsiper
Infoblox,johnbelamaric
Soficom,aledbf
Google,miekg
Infoblox,chrisohaver
Infoblox,yongtang
Docker,crosbymichael
CloudFlare,dqminh
Docker,dmcgowan
IBM,estesp
Huawei,hqhq
Microsoft,jhowardmsft
Tesla,mlaventure
Docker,stevvooe
NTT,AkihiroSuda
Docker,abhi
Google,dchen1107
Google,Random-Liu
IBM,mikebrow
Google,yujuhong
Kinvolk,alban
Red Hat,philips
Red Hat,squeed
Red Hat,dgonyeo
Red Hat,euank
Kinvolk,iaguis
Red Hat,jonboulle
Kinvolk,krnowak
Red Hat,lucab
Red Hat,s-urbaniak
Red Hat,yifan-gu
Google,zinuga
Google,a11r
Google,hsaliak
Google,jayantkolhe
Google,thisisnotapril
Buoyant,olix0r
Buoyant,dleong
Buoyant,rmars
Buoyant,wmorgan
Weaveworks,bboreham
Red Hat,squeed
Red Hat,dcbw
Pivotal,rosenhouse
Red Hat,steveeJ
Tigera,matthewdupre
Lyft,mattklein123
Google,htuch
Lyft ,ccaraman
Lyft,junr03
Google,dnoe
Google,alyssawilk
Lyft,danielhochman
Turbine Labs,zuercher
Apple,ggreenway
Uber,yurishkuro
Uber,black-adder
Uber,vprithvi
Uber,pavolloffay
NYU,vladimir-v-diaz
NYU,awwad
NYU,lukpueh
NYU,JustinCappos
Huawei,HuKeping
Docker,endophage
Docker,NathanMcCauley
Docker,Cycli
Docker,diogomonica
Red Hat,ecordell
Docker,riyazdf
Upbound,bassam
Quantum,jbw976
Quantum,travisn
