name,company,login
Abhay Saxena,Datawire,ark3
Rafael Schloming,Datawire,rhs
Richard Li,Datawire,richarddli
Luke Shumaker,Datawire,LukeShu
Ben Kochie,GitLab,superq
Brian Brazil,Robust Perception,brian-brazil
Jerome Froelich,Uber,jeromefroe
Richard Hartmann,SpaceNet,richih
Rob Skillington,Uber,robskillington
Sumeer Bhola,Google,sumeer
Bryan Boreham,Weaveworks,bboreham
Chris Marchbanks,Splunk,csmarchbanks
Cody Boggs,FreshTracks,cboggs
Jacob Lisi,Grafana Labs,jtlisi
Ken Haines,EA,khaines
Tom Wilkie,Grafana Labs,tomwilkie
Goutham Veeramachaneni,Grafana Labs,gouthamve
Stephen Levine,Pivotal,sclevine
Ben Hale,Pivotal,nebhale
Terence Lee,Salesforce,hone
Joe Kutner,Salesforce,jkutner
Allen Sun,Alibaba Group,allencloud
Chaobing Chen,Meitu,chenchaobing
Zuozheng Hu,Alibaba Group,garfield009
Jin Zhang,Alibaba Group,lowzj
Jian Wang,Alibaba Group,wangj998
Haibing Zhou,Ebay China,zhouhaibing089
Eddie Huang,ByteDance,inoc603
Ria Bhatia ,Microsoft,rbitia
Brian Goff,Microsoft,cpuguy83
Paulo Pires,,pires
Ben Corrie,VMware,corrieb
Jun Du,Huawei,m1093782566
Li (Cindy) Xing,Huawei,CindyXing
Rohit Sardesai,Huawei,rohitsardesai83
Sanil Kumar,Huawei,skdwriting
Siddharth Bhadri,Infoblox,sids-b
Qi Zhang,Huawei,qizha
Zefeng (Kevin) Wang,Huawei,kevin-wangzefeng
Matt Butcher,Microsoft,technosophos
Adam Reese,Microsoft,adamreese
Kuoka Yusuke,,mumoshu
Vaughn Dice,Microsoft,vdice 
Radu Matei,Microsoft,radu-matei
Luke Philips,Charter,lukepatrick
Ed Warnicke,Cisco,edwarnicke
Frederick Kautz,Doc.ai,fkautz
Nikolay Nikolaev,VMware,nickolaev
Andrey Sobolev,Xored,haiodo
Ben Sigelman,Lightstep,bhs
Bogdan Drutu,Google,bogdandrutu
Sarah Novotny,Google,sarahnovotny
Sergey Kanzhelev,Microsoft,SergeyKanzhelev
Yuri Shkuro,Uber,yurishkuro
Amit Kumar Das,MayaData,AmitKumarDas
Jeffry Molanus,MayaData,gila
Karthik Satchitanand,MayaData,ksatchit
Kiran Mova,MayaData,kmova
Murat Karslioglu,MayaData,muratkars
Richard Elling ,Viking Enterprise Solutions,richardelling
Vishnu Itta,MayaData,vishnuitta
Bartłomiej Płotka,Improbable,bwplotka
Frederic Branczyk ,Red Hat,brancz
Giedrius Statkevičius,,GiedriusS
Povilas Versockas,,povilasv
Dominic Green,Improbable,domgreen
Alfonso Acosta,Weaveworks,2opremio
Hidde Beydals,Weaveworks,hiddeco
Justin Barrick,Independent,justinbarrick
Michael Bridgen,Weaveworks,squaremo
Nick Cabatoff,Independent,ncabatoff
Stefan Prodan,Weaveworks,stefanprodan
Justin Cappos,New York University,JustinCappos
Lukas Puehringer,NYU,lukpueh
Santiago Torres,NYU,SantiagoTorres
Sebastien Awwad,NYU,awwad
Jakub Scholz,Red Hat,scholzj
Paolo Patierno,Red Hat,ppatierno
Tom Bentley,Red Hat,tombentley
Marc Sluiter,Red Hat,slintes
David Vossel,Red Hat,davidvossel
Vladik Romanovsky,Red Hat,vladikr
Roman Mohr,Red Hat,rmohr
Artyom Lukianov,Red Hat,cynepco3hahue
Sebastian Scheinkman,Red Hat,SchSeba
Marcin Franczyk,Red Hat,mfranczy
Fabian Deutsch,Red Hat,fabiand
Stu Gott,Red Hat,stu-gott
Sheng Yang,Rancher,yasker
Haifeng Liu ,JD,bladehliu
Weilong Guo,JD,awzhgw 
Shuoran Liu,JD,sjzlsr
Hongyin Zhu ,JD,zhuhyc
Jianxing Zhao,JD,znlstar
Mofei Zhang,JD,mervinkid
Tianpeng Li ,JD,Skypigltp
Yubo Li,JD,yuboLee
Wei Ding,JD,wding109
Zhengyi Zhu,JD,zhuzhengyi
Liying Zhang,JD,Vivian7755
Junyuan Zeng,JD,jzeng4
Xihao Xu,JD,xxscott
Wenjia Wu,JD,wenjia322